Workbook

Sheet perfect_storm_churn
A1: Contract | B1: Internet Service | C1: Payment Method | D1: Tenure Band | E1: Total Customers | F1: Churned | G1: Churn Rate (%)
A2: Month-to-month | B2: Fiber optic | C2: Electronic check | D2: 0-12 months | E2: 631 | F2: 449 | G2: 71.16
A3: Month-to-month | B3: Fiber optic | C3: Electronic check | D3: 13-36 months | E3: 429 | F3: 240 | G3: 55.94
A4: Month-to-month | B4: Fiber optic | C4: Electronic check | D4: 37+ months | E4: 247 | F4: 100 | G4: 40.49

Sheet cohort_lag_analysis
A1: Tenure Cohort | B1: Churn Rate (%) | C1: Previous Cohort Churn Rate (%) | D1: Change (pp)
A2: 1. 0-12 months | B2: 47.44 | C2: NULL | D2: NULL
A3: 2. 13-24 months | B3: 28.71 | C3: 47.44 | D3: -18.73
A4: 3. 25-36 months | B4: 21.63 | C4: 28.71 | D4: -7.08
A5: 4. 37-48 months | B5: 19.03 | C5: 21.63 | D5: -2.60
A6: 5. 49+ months | B6: 9.51 | C6: 19.03 | D6: -9.52

Sheet multi_dimension_churn
A1: Contract | B1: Tenure Band | C1: Revenue Tier | D1: Total Customers | E1: Churned | F1: Churn Rate (%) | I1: Segment Descriptions | J1: Churn Rate (%) | K1: Total Customers | L1: Churned
A2: Month-to-month | B2: 0-12 months | C2: High value | D2: 860 | E2: 595 | F2: 69.19 | I2: =A2 & " | " & B2 & " | " & C2 -> Month-to-month | 0-12 months | High value | J2: 69.19 | K2: 860 | L2: 595
A3: Month-to-month | B3: 13-36 months | C3: High value | D3: 753 | E3: 350 | F3: 46.48 | I3: =A3 & " | " & B3 & " | " & C3 -> Month-to-month | 13-36 months | High value | J3: 46.48 | K3: 753 | L3: 350
A4: Month-to-month | B4: 0-12 months | C4: Mid value | D4: 627 | E4: 282 | F4: 44.98 | I4: =A4 & " | " & B4 & " | " & C4 -> Month-to-month | 0-12 months | Mid value | J4: 44.98 | K4: 627 | L4: 282
A5: Month-to-month | B5: 37+ months | C5: High value | D5: 491 | E5: 166 | F5: 33.81 | I5: =A5 & " | " & B5 & " | " & C5 -> Month-to-month | 37+ months | High value | J5: 33.81 | K5: 491 | L5: 166
A6: Month-to-month | B6: 0-12 months | C6: Low value | D6: 507 | E6: 147 | F6: 28.99 | I6: =A6 & " | " & B6 & " | " & C6 -> Month-to-month | 0-12 months | Low value | J6: 28.99 | K6: 507 | L6: 147
A7: One year | B7: 0-12 months | C7: High value | D7: 15 | E7: 4 | F7: 26.67 | I7: =A7 & " | " & B7 & " | " & C7 -> One year | 0-12 months | High value | J7: 26.67 | K7: 15 | L7: 4
A8: Month-to-month | B8: 13-36 months | C8: Mid value | D8: 305 | E8: 67 | F8: 21.97 | I8: =A8 & " | " & B8 & " | " & C8 -> Month-to-month | 13-36 months | Mid value | J8: 21.97 | K8: 305 | L8: 67
A9: Month-to-month | B9: 37+ months | C9: Mid value | D9: 135 | E9: 24 | F9: 17.78 | I9: =A9 & " | " & B9 & " | " & C9 -> Month-to-month | 37+ months | Mid value | J9: 17.78 | K9: 135 | L9: 24
A10: One year | B10: 37+ months | C10: High value | D10: 563 | E10: 98 | F10: 17.41 | I10: =A10 & " | " & B10 & " | " & C10 -> One year | 37+ months | High value | J10: 17.41 | K10: 563 | L10: 98
A11: One year | B11: 13-36 months | C11: High value | D11: 140 | E11: 24 | F11: 17.14 | I11: =A11 & " | " & B11 & " | " & C11 -> One year | 13-36 months | High value | J11: 17.14 | K11: 140 | L11: 24

Sheet concentration_risk
A1: Contract | B1: Total Customers | C1: Customer Share (%) | D1: Monthly Revenue (£) | E1: Revenue Share (%)
A2: Month-to-month | B2: 3875 | C2: 55.02 | D2: 257294.15 | E2: 56.41
A3: One year | B3: 1473 | C3: 20.91 | D3: 95816.6 | E3: 21.01
A4: Two year | B4: 1695 | C4: 24.07 | D4: 103005.85 | E4: 22.58

Sheet internet_service_concentration
A1: Internet Service | B1: Total Customers | C1: Customer Share (%) | D1: Monthly Revenue (£) | E1: Revenue Share (%) | F1: Churned | G1: Churn Rate (%)
A2: Fiber optic | B2: 3096 | C2: 43.96 | D2: 283284.4 | E2: 62.11 | F2: 1297 | G2: 41.89
A3: DSL | B3: 2421 | C3: 34.37 | D3: 140665.35 | E3: 30.84 | F3: 459 | G3: 18.96
A4: No | B4: 1526 | C4: 21.67 | D4: 32166.85 | E4: 7.05 | F4: 113 | G4: 7.4

Sheet high_risk_customers
A1: Risk Segment | B1: Total Customers | C1: Churned | D1: Churn Rate (%)
A2: Standard | B2: 6229 | C2: 1303 | D2: 20.92
A3: High risk | B3: 814 | C3: 566 | D3: 69.53

Sheet Segment_Risk
A1: Pillar | B1: Segment Type | C1: Segment | D1: Total Customers | E1: Customer Share (%) | F1: Monthly Revenue (£) | G1: Revenue Share (%)
A2: Risk | B2: Contract | C2: Month-to-month | D2: =concentration_risk!B2 -> 3875 | E2: =concentration_risk!C2 -> 55.02 | F2: =concentration_risk!D2 -> 257294.15 | G2: =concentration_risk!E2 -> 56.41
A3: Risk | B3: Contract | C3: One year | D3: =concentration_risk!B3 -> 1473 | E3: =concentration_risk!C3 -> 20.91 | F3: =concentration_risk!D3 -> 95816.6 | G3: =concentration_risk!E3 -> 21.01
A4: Risk | B4: Contract | C4: Two year | D4: =concentration_risk!B4 -> 1695 | E4: =concentration_risk!C4 -> 24.07 | F4: =concentration_risk!D4 -> 103005.85 | G4: =concentration_risk!E4 -> 22.58
A6: Pillar | B6: Segment Type | C6: Segment | D6: Total Customers | E6: Customer Share (%) | F6: Monthly Revenue (£) | G6: Revenue Share (%) | H6: Churn Rate (%)
A7: Risk | B7: Internet Service | C7: Fiber optic | D7: =internet_service_concentration!B2 -> 3096 | E7: =internet_service_concentration!C2 -> 43.96 | F7: =internet_service_concentration!D2 -> 283284.4 | G7: =internet_service_concentration!E2 -> 62.11 | H7: =internet_service_concentration!G2 -> 41.89
A8: Risk | B8: Internet Service | C8: DSL | D8: =internet_service_concentration!B3 -> 2421 | E8: =internet_service_concentration!C3 -> 34.37 | F8: =internet_service_concentration!D3 -> 140665.35 | G8: =internet_service_concentration!E3 -> 30.84 | H8: =internet_service_concentration!G3 -> 18.96
A9: Risk | B9: Internet Service | C9: No internet | D9: =internet_service_concentration!B4 -> 1526 | E9: =internet_service_concentration!C4 -> 21.67 | F9: =internet_service_concentration!D4 -> 32166.85 | G9: =internet_service_concentration!E4 -> 7.05 | H9: =internet_service_concentration!G4 -> 7.4
A11: Pillar | B11: Risk Segment | C11: Total Customers | D11: Churned | E11: Churn Rate (%)
A12: Risk | B12: Standard | C12: =high_risk_customers!B2 -> 6229 | D12: =high_risk_customers!C2 -> 1303 | E12: =high_risk_customers!D2 -> 20.92
A13: Risk | B13: High Risk | C13: =high_risk_customers!B3 -> 814 | D13: =high_risk_customers!C3 -> 566 | E13: =high_risk_customers!D3 -> 69.53

Sheet revenue_at_risk
A1: Monthly Revenue Lost (£) | B1: Monthly Revenue Retained (£) | C1: Total Monthly Charges (£) | D1: Revenue at Risk (%)
A2: 139130.85 | B2: 316985.75 | C2: 456116.6 | D2: 30.5

Sheet revenue_by_contract
A1: Contract | B1: Total Customers | C1: Total Revenue (£) | D1: Avg Revenue per Customer (£) | E1: Avg Monthly Charge (£)
A2: Two year | B2: 1685 | C2: 6283253.7 | D2: 3728.93 | E2: 60.87
A3: Month-to-month | B3: 3875 | C3: 5305861.5 | D3: 1369.25 | E3: 66.4
A4: One year | B4: 1472 | C4: 4467053.5 | D4: 3034.68 | E4: 65.08

Sheet revenue_tiers
A1: Revenue Tier | B1: Total Customers | C1: Churned | D1: Churn Rate (%) | E1: Avg Monthly Charge (£)
A2: High value | B2: 3591 | C2: 1274 | D2: 35.48 | E2: 90.19
A3: Mid value | B3: 1721 | C3: 407 | D3: 23.65 | E3: 54.72
A4: Low value | B4: 1731 | C4: 188 | D4: 10.86 | E4: 22

Sheet cumulative_revenue_by_tenure
A1: Tenure (Months) | B1: Total Customers | C1: Monthly Revenue (£) | D1: Cumulative Revenue (£)
A2: 0 | B2: 11 | C2: 455.6 | D2: 455.6
A3: 1 | B3: 613 | C3: 30947.8 | D3: 31403.4
A4: 2 | B4: 238 | C4: 13615.1 | D4: 45018.5
A5: 3 | B5: 200 | C5: 11603 | D5: 56621.5
A6: 4 | B6: 176 | C6: 10108.15 | D6: 66729.65
A7: 5 | B7: 133 | C7: 8113.5 | D7: 74843.15
A8: 6 | B8: 110 | C8: 6224.8 | D8: 81067.95
A9: 7 | B9: 131 | C9: 7813.15 | D9: 88881.1
A10: 8 | B10: 123 | C10: 7041.15 | D10: 95922.25
A11: 9 | B11: 119 | C11: 7445.2 | D11: 103367.45
A12: 10 | B12: 116 | C12: 6823.65 | D12: 110191.1
A13: 11 | B13: 99 | C13: 5788.8 | D13: 115979.9
... A74: 72 | B74: 362 | C74: 29211.9 | D74: 456116.6

Sheet estimated_ltv
A1: Contract | B1: Churn Status | C1: Avg Tenure (Months) | D1: Avg Monthly Charge (£) | E1: Estimated LTV (£)
A2: Two year | B2: Yes | C2: 61.3 | D2: 86.78 | E2: 5316.9
A3: One year | B3: Yes | C3: 45 | D3: 85.05 | E3: 3824.22
A4: Two year | B4: No | C4: 56.6 | D4: 60.01 | E4: 3396.88
A5: One year | B5: No | C5: 41.7 | D5: 62.51 | E5: 2604.97
A6: Month-to-month | B6: No | C6: 21 | D6: 61.46 | E6: 1292.76
A7: Month-to-month | B7: Yes | C7: 14 | D7: 73.02 | E7: 1023.51

Sheet Revenue_Stability
A1: Revenue Lost to Churn Summary
A2: Monthly Revenue Lost (£) | B2: =revenue_at_risk!A2 -> 139130.85 | D2: Retained | E2: Lost
A3: Monthly Revenue Retained (£) | B3: =revenue_at_risk!B2 -> 316985.75 | D3: 316985.75 | E3: 139130.85
A4: Total Monthly Charges (£) | B4: =revenue_at_risk!C2 -> 456116.6
A5: Revenue Lost to Churn (% of monthly charges) | B5: =revenue_at_risk!D2 -> 30.5
A6: Annualised Revenue Lost to Churn (£) | B6: =revenue_at_risk!A2*12 -> 1669570.2
A8: Pillar | B8: Segment Type | C8: Segment | D8: Total Revenue (£) | E8: Avg Revenue per Customer (£) | F8: Avg Monthly Charge (£)
A9: Revenue | B9: Contract | C9: Two year | D9: =revenue_by_contract!C2 -> 6283253.7 | E9: =revenue_by_contract!D2 -> 3728.93 | F9: =revenue_by_contract!E2 -> 60.87
A10: Revenue | B10: Contract | C10: One year | D10: =revenue_by_contract!C4 -> 4467053.5 | E10: =revenue_by_contract!D4 -> 3034.68 | F10: =revenue_by_contract!E4 -> 65.08
A11: Revenue | B11: Contract | C11: Month-to-month | D11: =revenue_by_contract!C3 -> 5305861.5 | E11: =revenue_by_contract!D3 -> 1369.25 | F11: =revenue_by_contract!E3 -> 66.4
A13: Pillar | B13: Segment Type | C13: Revenue Tier | D13: Total Customers | E13: Churned | F13: Churn Rate (%) | G13: Avg Monthly Charge (£)
A14: Revenue | B14: Revenue Tier | C14: High value | D14: =revenue_tiers!B2 -> 3591 | E14: =revenue_tiers!C2 -> 1274 | F14: =revenue_tiers!D2 -> 35.48 | G14: =revenue_tiers!E2 -> 90.19
A15: Revenue | B15: Revenue Tier | C15: Mid value | D15: =revenue_tiers!B3 -> 1721 | E15: =revenue_tiers!C3 -> 407 | F15: =revenue_tiers!D3 -> 23.65 | G15: =revenue_tiers!E3 -> 54.72
A16: Revenue | B16: Revenue Tier | C16: Low value | D16: =revenue_tiers!B4 -> 1731 | E16: =revenue_tiers!C4 -> 188 | F16: =revenue_tiers!D4 -> 10.86 | G16: =revenue_tiers!E4 -> 22
A18: Pillar | B18: Contract | C18: Churn Status | D18: Avg Tenure (Months) | E18: Avg Monthly Charge (£) | F18: Estimated LTV (£)
A19: Revenue | B19: Two year | C19: Yes | D19: =estimated_ltv!C2 -> 61.3 | E19: =estimated_ltv!D2 -> 86.78 | F19: =estimated_ltv!E2 -> 5316.9
A20: Revenue | B20: One year | C20: Yes | D20: =estimated_ltv!C3 -> 45 | E20: =estimated_ltv!D3 -> 85.05 | F20: =estimated_ltv!E3 -> 3824.22
A21: Revenue | B21: Two year | C21: No | D21: =estimated_ltv!C4 -> 56.6 | E21: =estimated_ltv!D4 -> 60.01 | F21: =estimated_ltv!E4 -> 3396.88
A22: Revenue | B22: One year | C22: No | D22: =estimated_ltv!C5 -> 41.7 | E22: =estimated_ltv!D5 -> 62.51 | F22: =estimated_ltv!E5 -> 2604.97
A23: Revenue | B23: Month-to-month | C23: No | D23: =estimated_ltv!C6 -> 21 | E23: =estimated_ltv!D6 -> 61.46 | F23: =estimated_ltv!E6 -> 1292.76
A24: Revenue | B24: Month-to-month | C24: Yes | D24: =estimated_ltv!C7 -> 14 | E24: =estimated_ltv!D7 -> 73.02 | F24: =estimated_ltv!E7 -> 1023.51

Sheet churn_by_contract
A1: Contract | B1: Total Customers | C1: Churned | D1: Churn Rate (%)
A2: Month-to-month | B2: 3875 | C2: 1655 | D2: 42.71
A3: One year | B3: 1473 | C3: 166 | D3: 11.27
A4: Two year | B4: 1695 | C4: 48 | D4: 2.83

Sheet churn_by_tenure_band
A1: Tenure Band | B1: Total Customers | C1: Churned | D1: Churn Rate (%)
A2: 0-12 months | B2: 2186 | C2: 1037 | D2: 47.44
A3: 13-36 months | B3: 1856 | C3: 474 | D3: 25.54
A4: 37+ months | B4: 3001 | C4: 358 | D4: 11.93

Sheet churn_by_internet_service
A1: Internet Service | B1: Total Customers | C1: Churned | D1: Churn Rate (%)
A2: Fiber optic | B2: 3096 | C2: 1297 | D2: 41.89
A3: DSL | B3: 2421 | C3: 459 | D3: 18.96
A4: No | B4: 1526 | C4: 113 | D4: 7.4

Sheet churn_by_payment_method
A1: Payment Method | B1: Total Customers | C1: Churned | D1: Churn Rate (%)
A2: Electronic check | B2: 2365 | C2: 1071 | D2: 45.29
A3: Mailed check | B3: 1612 | C3: 308 | D3: 19.11
A4: Bank transfer (automatic) | B4: 1544 | C4: 258 | D4: 16.71
A5: Credit card (automatic) | B5: 1522 | C5: 232 | D5: 15.24

Sheet avg_tenure_by_churn
A1: Churn Status | B1: Avg Tenure (Months) | C1: Min Tenure | D1: Max Tenure
A2: No | B2: 37.6 | C2: 0 | D2: 72
A3: Yes | B3: 18 | C3: 1 | D3: 72

Sheet avg_charges_by_churn
A1: Churn Status | B1: Avg Monthly Charge (£) | C1: Min Charge (£) | D1: Max Charge (£) | E1: Std Dev
A2: No | B2: 61.27 | C2: 18.25 | D2: 118.75 | E2: 31.09
A3: Yes | B3: 74.44 | C3: 18.85 | D3: 118.35 | E3: 24.66

Sheet Churn_Analysis
A1: Pillar | B1: Segment Type | C1: Segment | D1: Total Customers | E1: Churned | F1: Churn Rate (%) | G1: Annualised Revenue Loss (£) | H1: Risk Flag
A2: Customer | B2: Contract | C2: Month-to-month | D2: =churn_by_contract!B2 -> 3875 | E2: =churn_by_contract!C2 -> 1655 | F2: =churn_by_contract!D2 -> 42.71 | G2: =E2*avg_charges_by_churn!$B$3*12 -> 1478378.4 | H2: 🔴 High Risk
A3: Customer | B3: Contract | C3: One year | D3: =churn_by_contract!B3 -> 1473 | E3: =churn_by_contract!C3 -> 166 | F3: =churn_by_contract!D3 -> 11.27 | G3: =E3*avg_charges_by_churn!$B$3*12 -> 148284.48 | H3: 🟢 Stable
A4: Customer | B4: Contract | C4: Two year | D4: =churn_by_contract!B4 -> 1695 | E4: =churn_by_contract!C4 -> 48 | F4: =churn_by_contract!D4 -> 2.83 | G4: =E4*avg_charges_by_churn!$B$3*12 -> 42877.44 | H4: 🟢 Stable
A5: Customer | B5: Tenure Band | C5: 0-12 months | D5: =churn_by_tenure_band!B2 -> 2186 | E5: =churn_by_tenure_band!C2 -> 1037 | F5: =churn_by_tenure_band!D2 -> 47.44 | G5: =E5*avg_charges_by_churn!$B$3*12 -> 926331.36 | H5: 🔴 High Risk
A6: Customer | B6: Tenure Band | C6: 13-36 months | D6: =churn_by_tenure_band!B3 -> 1856 | E6: =churn_by_tenure_band!C3 -> 474 | F6: =churn_by_tenure_band!D3 -> 25.54 | G6: =E6*avg_charges_by_churn!$B$3*12 -> 423414.72 | H6: 🟡 Moderate Risk
A7: Customer | B7: Tenure Band | C7: 37+ months | D7: =churn_by_tenure_band!B4 -> 3001 | E7: =churn_by_tenure_band!C4 -> 358 | F7: =churn_by_tenure_band!D4 -> 11.93 | G7: =E7*avg_charges_by_churn!$B$3*12 -> 319794.24 | H7: 🟢 Stable
A8: Customer | B8: Internet Service | C8: Fiber optic | D8: =churn_by_internet_service!B2 -> 3096 | E8: =churn_by_internet_service!C2 -> 1297 | F8: =churn_by_internet_service!D2 -> 41.89 | G8: =E8*avg_charges_by_churn!$B$3*12 -> 1158584.2 | H8: 🔴 High Risk
A9: Customer | B9: Internet Service | C9: DSL | D9: =churn_by_internet_service!B3 -> 2421 | E9: =churn_by_internet_service!C3 -> 459 | F9: =churn_by_internet_service!D3 -> 18.96 | G9: =E9*avg_charges_by_churn!$B$3*12 -> 410015.52 | H9: 🟢 Stable
A10: Customer | B10: Internet Service | C10: No internet | D10: =churn_by_internet_service!B4 -> 1526 | E10: =churn_by_internet_service!C4 -> 113 | F10: =churn_by_internet_service!D4 -> 7.4 | G10: =E10*avg_charges_by_churn!$B$3*12 -> 100940.64 | H10: 🟢 Stable
A11: Customer | B11: Payment Method | C11: Electronic check | D11: =churn_by_payment_method!B2 -> 2365 | E11: =churn_by_payment_method!C2 -> 1071 | F11: =churn_by_payment_method!D2 -> 45.29 | G11: =E11*avg_charges_by_churn!$B$3*12 -> 956702.88 | H11: 🔴 High Risk
A12: Customer | B12: Payment Method | C12: Mailed check | D12: =churn_by_payment_method!B3 -> 1612 | E12: =churn_by_payment_method!C3 -> 308 | F12: =churn_by_payment_method!D3 -> 19.11 | G12: =E12*avg_charges_by_churn!$B$3*12 -> 275130.24 | H12: 🟢 Stable
A13: Customer | B13: Payment Method | C13: Bank transfer (automatic) | D13: =churn_by_payment_method!B4 -> 1544 | E13: =churn_by_payment_method!C4 -> 258 | F13: =churn_by_payment_method!D4 -> 16.71 | G13: =E13*avg_charges_by_churn!$B$3*12 -> 230466.24 | H13: 🟢 Stable
A14: Customer | B14: Payment Method | C14: Credit card (automatic) | D14: =churn_by_payment_method!B5 -> 1522 | E14: =churn_by_payment_method!C5 -> 232 | F14: =churn_by_payment_method!D5 -> 15.24 | G14: =E14*avg_charges_by_churn!$B$3*12 -> 207240.96 | H14: 🟢 Stable

Sheet KPI_Framework
A1: Project 7 — KPI Framework
A2: Framework: Customer · Revenue · Risk
A4: Pillar | B4: KPI | C4: Value | D4: Source | E4: Status
A5: Customer | B5: Overall Churn Rate | C5: 0.2654 | D5: Phase 1A (01a_exploration.sql — Query 1) | E5: 🟡
A6: Customer | B6: Month-to-Month Churn Rate | C6: 0.4271 | D6: tbl_ChurnByContract | E6: 🔴
A7: Customer | B7: Early Tenure Churn Rate (0-12 months) | C7: 0.4744 | D7: tbl_ChurnByTenureBand | E7: 🔴
A8: Customer | B8: Avg Tenure — Churned Customers | C8: 18 | D8: tbl_AvgTenureByChurn | E8: 🟡
A9: Revenue | B9: Monthly Revenue Lost to Churn (£) | C9: 139130.85 | D9: tbl_RevenueAtRisk | E9: 🔴
A10: Revenue | B10: Revenue Lost to Churn (% of monthly charges) | C10: 0.305 | D10: tbl_RevenueAtRisk | E10: 🔴
A11: Revenue | B11: Avg Monthly Charge — Churned (£) | C11: 74.44 | D11: tbl_AvgChargesByChurn | E11: 🟡
A12: Risk | B12: Month-to-Month Revenue Concentration | C12: 0.5641 | D12: tbl_ConcentrationRisk | E12: 🔴
A13: Risk | B13: Fiber Optic Revenue Concentration | C13: 0.6211 | D13: tbl_InternetServiceConcentration | E13: 🔴
A14: Risk | B14: High-Risk Customer Count | C14: 814 | D14: tbl_HighRiskCustomers | E14: 🔴
A16: Legend: | B16: 🔴 High Risk | C16: 🟡 Moderate Risk | D16: 🟢 Stable

Sheet Dashboard_Risk

Sheet Dashboard_Revenue

Sheet Dashboard_Customer

Sheet Dashboard
